stamp,trans_err,rot_err_chordal,rot_err_deg,gt_trans_norm
27.154880,0.436901,0.015375,0.622900,0.026519
27.904880,0.013203,0.001331,0.053923,0.545236
28.404880,0.024033,0.001461,0.059197,0.342915
28.554880,0.131126,0.003852,0.156043,0.103608
28.654880,0.214142,0.004139,0.167683,0.069238
29.154880,0.011420,0.001727,0.069951,0.347959
29.304880,0.149150,0.002890,0.117071,0.104886
29.404880,0.347738,0.008141,0.329831,0.070048
29.654880,0.016799,0.001739,0.070474,0.175474
29.754880,0.206747,0.003529,0.142987,0.070327
29.904880,0.472796,0.018098,0.733242,0.105616
30.004880,0.444844,0.011190,0.453369,0.070497
30.254880,0.018111,0.001959,0.079381,0.176521
30.454880,0.027802,0.002089,0.084639,0.141473
30.554880,0.342617,0.009482,0.384141,0.070817
30.854880,0.010481,0.001305,0.052888,0.212719
30.954880,0.300351,0.006147,0.249056,0.070996
31.354880,0.057871,0.002511,0.101738,0.283887
31.504880,0.009374,0.002272,0.092040,0.105980
31.654880,0.142514,0.003660,0.148273,0.105758
31.754880,0.386949,0.009730,0.394215,0.070423
31.854880,0.087225,0.002368,0.095919,0.070376
32.004880,0.107277,0.002853,0.115571,0.105477
32.154880,0.208353,0.004616,0.187026,0.105398
32.254880,0.178972,0.003347,0.135594,0.070232
32.304880,0.288864,0.003051,0.123610,0.035100
32.404880,0.220823,0.003245,0.131452,0.070186
33.004880,0.007096,0.003400,0.137747,0.420129
33.104880,0.038490,0.000902,0.036524,0.069838
33.254880,0.185515,0.004748,0.192375,0.104617
33.354880,0.160467,0.002209,0.089484,0.069645
33.704880,0.014017,0.001626,0.065882,0.243022
34.204880,0.098416,0.008418,0.341042,0.344885
34.254880,0.200944,0.002076,0.084092,0.034332
34.354880,0.042318,0.002040,0.082653,0.068590
34.704880,0.015128,0.001718,0.069596,0.239012
34.854880,0.127486,0.001267,0.051312,0.101974
35.004880,0.175375,0.004755,0.192654,0.101683
35.154880,0.069607,0.001871,0.075813,0.101391
35.354880,0.088983,0.005285,0.214120,0.134728
35.504880,0.071408,0.003208,0.129951,0.100713
35.554880,0.495579,0.009601,0.388969,0.033513
35.704880,0.224720,0.008961,0.363052,0.100347
35.904880,0.053802,0.002507,0.101574,0.129554
36.104880,0.045914,0.001561,0.063261,0.117354
36.204880,0.135177,0.002247,0.091027,0.054358
36.354880,0.072189,0.002246,0.091015,0.076544
36.454880,0.147516,0.002164,0.087678,0.048309
36.704880,0.037323,0.002547,0.103189,0.122330
36.804880,0.238845,0.005355,0.216938,0.049886
36.904880,0.167275,0.003828,0.155087,0.050404
37.054880,0.143776,0.005124,0.207610,0.076586
37.154880,0.231275,0.005748,0.232878,0.051693
37.254880,0.213204,0.007087,0.287123,0.052181
37.404880,0.202011,0.006065,0.245727,0.079415
37.554880,0.124814,0.003450,0.139755,0.080844
37.754880,0.090015,0.002912,0.117965,0.109847
37.954880,0.143706,0.004577,0.185414,0.112080
38.154880,0.074957,0.003806,0.154183,0.114229
38.254880,0.140893,0.003243,0.131377,0.057897
38.654880,0.213558,0.009969,0.403884,0.235838
38.754880,0.277552,0.008564,0.346944,0.059764
38.804880,0.191791,0.003372,0.136618,0.029992
38.904880,0.488964,0.006381,0.258502,0.060243
39.104880,0.071351,0.003914,0.158557,0.121406
39.204880,0.157461,0.002399,0.097202,0.061160
39.404880,0.277255,0.007388,0.299309,0.123162
39.504880,0.552281,0.007873,0.318985,0.061991
39.604880,0.413389,0.007992,0.323776,0.062239
40.054880,0.086795,0.005592,0.226569,0.282790
40.204880,0.132695,0.003641,0.147517,0.095605
40.304880,0.889995,0.022400,0.907521,0.064122
40.354880,0.275913,0.003654,0.148051,0.032162
40.454880,0.860468,0.022014,0.891901,0.064638
40.604880,0.093650,0.002405,0.097456,0.097782
40.704880,0.243068,0.004612,0.186845,0.065685
40.804880,0.139020,0.002720,0.110188,0.065999
41.004880,0.172474,0.005018,0.203320,0.132442
41.304880,0.053840,0.003076,0.124615,0.199870
41.404880,0.485366,0.008960,0.363003,0.066934
41.504880,0.226140,0.003338,0.135217,0.066914
41.654880,0.089358,0.002294,0.092921,0.100378
41.804880,0.148923,0.005302,0.214798,0.100449
41.954880,0.047741,0.001585,0.064219,0.096422
42.004880,0.587163,0.006207,0.251464,0.030504
42.304880,0.115566,0.005033,0.203911,0.167308
42.454880,0.216462,0.004349,0.176216,0.074406
42.554880,0.624110,0.010281,0.416535,0.046492
42.754880,0.133356,0.003115,0.126194,0.086107
42.904880,0.166647,0.002036,0.082473,0.058996
43.054880,0.106047,0.001490,0.060373,0.055085
43.254880,0.163653,0.003629,0.147043,0.076455
43.404880,0.178504,0.002780,0.112639,0.061480
43.454880,0.588505,0.004906,0.198768,0.021292
43.554880,0.156396,0.002636,0.106816,0.043704
43.704880,0.090356,0.002352,0.095298,0.068231
43.754880,0.947505,0.009021,0.365488,0.023417
43.854880,0.484787,0.008711,0.352931,0.047807
43.904880,0.973539,0.019982,0.809578,0.024371
44.154880,0.030282,0.001325,0.053679,0.126256
44.204880,0.988176,0.013976,0.566210,0.026089
44.354880,0.238454,0.006378,0.258395,0.079822
44.754880,0.143317,0.007065,0.286226,0.195641
44.804880,0.270206,0.001902,0.077051,0.021913
45.004880,0.388244,0.010516,0.426040,0.082674
45.154880,0.170789,0.003632,0.147136,0.057921
45.354880,0.192182,0.003379,0.136905,0.073644
45.554880,0.116424,0.002209,0.089484,0.077772
45.804880,0.118165,0.003934,0.159397,0.110849
45.904880,0.432802,0.008114,0.328729,0.048222
46.004880,0.250620,0.006279,0.254370,0.050285
46.504880,0.070047,0.006251,0.253272,0.278815
46.604880,0.320470,0.006726,0.272510,0.060599
46.704880,0.273664,0.008760,0.354890,0.062005
46.954880,0.081303,0.003400,0.137758,0.160696
47.054880,0.246149,0.008244,0.333984,0.066355
47.154880,0.117319,0.003888,0.157536,0.067448
47.354880,0.240980,0.009116,0.369340,0.137905
47.554880,0.169064,0.006961,0.282024,0.134027
47.754880,0.059893,0.004183,0.169452,0.116379
47.954880,0.101596,0.006572,0.266255,0.099969
48.004880,0.209725,0.007579,0.307045,0.022902
48.154880,0.343818,0.012527,0.507539,0.064622
48.254880,0.170557,0.007904,0.320235,0.040322
48.704880,0.064443,0.003504,0.141980,0.166662
48.904880,0.115619,0.003519,0.142560,0.073627
49.004880,0.349096,0.004202,0.170240,0.037723
49.104880,0.359687,0.003454,0.139948,0.038545
49.654880,0.187779,0.015690,0.635686,0.230421
49.754880,0.277929,0.002481,0.100527,0.045640
49.854880,0.586912,0.008929,0.361744,0.046762
50.354880,0.077229,0.005433,0.220100,0.251585
50.504880,0.524596,0.013034,0.528051,0.081336
50.604880,0.158439,0.002913,0.118037,0.052534
50.804880,0.370001,0.011630,0.471198,0.099114
50.904880,0.187003,0.002382,0.096523,0.046959
51.004880,1.509662,0.017947,0.727097,0.043707
51.104880,1.451427,0.017901,0.725269,0.039437
51.254880,0.413101,0.005056,0.204850,0.052170
51.504880,0.029437,0.003237,0.131138,0.073188
51.654880,0.107678,0.001811,0.073387,0.039839
51.854880,0.132590,0.003469,0.140527,0.053071
51.954880,0.102956,0.003392,0.137442,0.027923
52.004880,0.175747,0.003924,0.158994,0.014494
52.154880,0.076268,0.003735,0.151326,0.046025
52.254880,0.052105,0.004442,0.179975,0.033075
52.404880,0.202577,0.009488,0.384408,0.053405
52.604880,0.152903,0.010270,0.416067,0.078375
52.754880,0.454961,0.005212,0.211174,0.064101
52.904880,0.227672,0.011470,0.464679,0.068424
53.054880,0.077523,0.001120,0.045371,0.072504
53.204880,0.106721,0.012075,0.489192,0.076095
53.304880,0.163457,0.002825,0.114435,0.052564
53.454880,0.154161,0.004016,0.162723,0.081532
53.554880,0.390244,0.005812,0.235451,0.056103
53.654880,0.243739,0.008391,0.339956,0.057475
53.704880,0.519155,0.013492,0.546617,0.029243
53.754880,0.594889,0.013276,0.537868,0.029268
53.854880,0.198558,0.006480,0.262548,0.058090
54.004880,0.333126,0.012797,0.518444,0.086330
54.154880,0.135405,0.003606,0.146102,0.085857
54.304880,0.152248,0.004383,0.177584,0.085814
54.454880,0.055319,0.001099,0.044544,0.086137
54.504880,0.341532,0.004732,0.191721,0.028346
54.704880,0.273240,0.010486,0.424839,0.106362
54.804880,0.532939,0.011127,0.450796,0.049209
55.254880,0.158079,0.009273,0.375707,0.160352
55.404880,0.418979,0.005179,0.209835,0.031875
55.554880,0.519396,0.007021,0.284454,0.028011
55.704880,0.578745,0.007585,0.307304,0.032662
55.804880,0.323683,0.002439,0.098829,0.024522
55.954880,0.169389,0.001790,0.072524,0.040799
56.104880,0.151976,0.003023,0.122462,0.045405
56.254880,0.118688,0.004036,0.163525,0.049734
56.504880,0.205656,0.006624,0.268361,0.091968
56.654880,0.132564,0.002028,0.082159,0.058828
56.754880,0.333304,0.004574,0.185330,0.037529
56.854880,0.140276,0.001666,0.067500,0.036196
57.204880,0.178262,0.005790,0.234598,0.120312
57.354880,0.246629,0.004054,0.164245,0.056700
57.504880,0.173512,0.003532,0.143104,0.061904
57.654880,0.183040,0.004038,0.163600,0.066733
57.804880,0.167099,0.003082,0.124861,0.070646
58.154880,0.139552,0.007943,0.321798,0.173267
58.254880,0.220284,0.003225,0.130673,0.051860
58.354880,0.402422,0.008289,0.335818,0.052921
58.454880,0.250385,0.003378,0.136855,0.053893
58.554880,0.220334,0.002644,0.107138,0.054822
58.654880,0.471089,0.009866,0.399719,0.055706
58.754880,0.251168,0.004425,0.179261,0.056545
58.904880,0.080623,0.001748,0.070806,0.086375
59.154880,0.088029,0.004170,0.168957,0.148388
59.404880,0.041977,0.002515,0.101887,0.153842
59.454880,0.455307,0.006566,0.266018,0.031527
59.554880,1.390700,0.046364,1.878471,0.063829
59.754880,0.121866,0.005239,0.212254,0.130776
59.804880,0.203589,0.003059,0.123949,0.033351
60.004880,0.013034,0.000432,0.017489,0.135989
60.104880,0.098949,0.002562,0.103801,0.069508
60.254880,0.193811,0.007535,0.305262,0.106087
60.404880,0.062115,0.001955,0.079200,0.108185
60.554880,0.583913,0.025055,1.015083,0.110159
60.704880,0.383325,0.013299,0.538792,0.112023
60.854880,0.154379,0.005451,0.220853,0.113727
61.004880,0.131181,0.004809,0.194850,0.115314
61.554880,0.083946,0.016019,0.648986,0.434200
61.704880,0.017133,0.002824,0.114409,0.120983
61.804880,0.159560,0.004686,0.189840,0.081156
61.904880,0.116186,0.003978,0.161161,0.081517
62.004880,0.080780,0.003217,0.130342,0.081840
62.104880,0.523460,0.024539,0.994198,0.082150
62.154880,0.378411,0.006847,0.277394,0.041180
62.254880,0.473592,0.015305,0.620086,0.082549
62.404880,0.109531,0.003766,0.152563,0.124256
62.554880,0.079967,0.005870,0.237804,0.123563
62.654880,0.108293,0.003020,0.122349,0.080241
62.804880,0.177225,0.012670,0.513324,0.116921
62.954880,0.126607,0.005421,0.219647,0.110052
63.004880,1.319078,0.028201,1.142564,0.035155
63.154880,0.099198,0.005512,0.223320,0.101394
63.504880,0.069602,0.007258,0.294057,0.217413
63.704880,0.031912,0.001590,0.064415,0.116376
63.854880,0.121802,0.003586,0.145275,0.085194
64.054880,0.014493,0.001428,0.057836,0.114756
64.154880,0.137005,0.004422,0.179146,0.059104
64.354880,0.133657,0.007826,0.317065,0.122358
64.454880,0.161579,0.003570,0.144650,0.063029
64.604880,0.040790,0.002249,0.091131,0.096765
64.754880,0.051776,0.002499,0.101235,0.099338
64.904880,0.055942,0.003405,0.137936,0.101805
65.004880,0.082266,0.003039,0.123115,0.069314
65.154880,0.076101,0.004019,0.162831,0.106065
65.254880,0.252867,0.009253,0.374861,0.071981
65.404880,0.065790,0.003319,0.134480,0.109750
65.554880,0.101910,0.005844,0.236771,0.111697
65.704880,0.025406,0.002649,0.107320,0.113465
65.804880,0.421187,0.008170,0.331021,0.076526
65.954880,0.453933,0.023226,0.941010,0.115943
66.054880,0.026994,0.002023,0.081957,0.077885
66.154880,0.010819,0.000940,0.038103,0.078332
66.304880,0.183801,0.011349,0.459817,0.118044
66.454880,0.122472,0.005116,0.207255,0.115784
66.604880,0.034699,0.001361,0.055148,0.113347
66.754880,0.101301,0.004576,0.185391,0.111293
66.904880,0.577400,0.028692,1.162465,0.109464
67.004880,1.789540,0.062219,2.520966,0.072083
67.154880,0.205295,0.008566,0.347037,0.107135
67.304880,0.355050,0.011932,0.483421,0.108569
67.454880,0.185847,0.006123,0.248089,0.110560
67.554880,0.476748,0.008602,0.348524,0.074723
67.654880,0.023827,0.002223,0.090079,0.075480
67.754880,1.703127,0.036166,1.465296,0.076191
67.804880,0.284523,0.002297,0.093048,0.038348
67.854880,0.048720,0.002304,0.093357,0.038507
68.004880,0.258272,0.016109,0.652653,0.116349
68.554880,0.458246,0.044686,1.810502,0.434972
68.704880,0.088879,0.003862,0.156485,0.121155
68.904880,0.037662,0.002317,0.093866,0.163017
69.104880,0.065236,0.012694,0.514304,0.164456
69.254880,0.026655,0.001452,0.058824,0.124142
69.504880,0.019003,0.002735,0.110807,0.207977
69.604880,0.193825,0.004272,0.173059,0.083378
69.704880,0.114942,0.004352,0.176311,0.083481
69.854880,0.029472,0.003146,0.127457,0.125441
69.954880,0.027707,0.000386,0.015640,0.083783
70.054880,0.161177,0.010164,0.411788,0.082796
70.204880,0.049514,0.005295,0.214514,0.120914
70.354880,0.108096,0.006784,0.274867,0.117467
70.454880,0.197779,0.005183,0.209979,0.076675
70.504880,0.626131,0.017461,0.707436,0.037946
70.704880,0.107230,0.006244,0.252972,0.149471
70.904880,0.154995,0.006084,0.246494,0.146276
71.204880,0.053724,0.003321,0.134542,0.214423
71.304880,0.279888,0.012146,0.492082,0.070376
71.804880,0.161136,0.019019,0.770531,0.350531
71.954880,0.181141,0.003143,0.127341,0.099151
72.104880,0.180841,0.007548,0.305816,0.096524
72.254880,0.076831,0.003591,0.145470,0.093276
72.354880,0.126499,0.001446,0.058601,0.059259
72.454880,0.243506,0.005457,0.221088,0.057418
72.604880,0.031748,0.002270,0.091972,0.083721
72.704880,0.061006,0.003873,0.156897,0.054945
72.854880,0.034033,0.008812,0.357008,0.082190
73.054880,0.209546,0.004576,0.185391,0.109321
73.104880,1.773705,0.019771,0.801012,0.027287
73.254880,0.110379,0.000858,0.034759,0.081345
73.404880,0.153051,0.008035,0.325531,0.076780
73.654880,0.028146,0.006076,0.246160,0.117607
73.754880,0.169205,0.004950,0.200549,0.044326
73.904880,0.070583,0.001347,0.054590,0.064322
74.004880,0.211523,0.012020,0.487001,0.041827
74.154880,0.034945,0.003181,0.128864,0.061663
74.304880,0.099623,0.006285,0.254639,0.060734
74.404880,0.299008,0.011626,0.471026,0.038925
74.554880,0.143018,0.001913,0.077505,0.058824
74.654880,0.128352,0.001509,0.061148,0.039807
75.004880,0.126018,0.005303,0.214859,0.143288
75.154880,0.068411,0.004137,0.167606,0.063238
75.254880,0.085108,0.005337,0.216229,0.042412
75.504880,0.040988,0.001067,0.043237,0.108679
75.604880,0.273763,0.009074,0.367614,0.045355
75.754880,0.143662,0.002082,0.084355,0.070546
75.954880,0.080027,0.002288,0.092682,0.091094
76.004880,0.339004,0.009159,0.371089,0.021350
76.154880,0.171785,0.005546,0.224683,0.060853
76.254880,0.279817,0.002087,0.084563,0.037688
76.354880,0.093697,0.002951,0.119552,0.033794
76.754880,0.295148,0.012623,0.511405,0.089037
77.054880,1.226682,0.016111,0.652728,0.015965
77.154880,1.182145,0.008414,0.340879,0.005456
77.354880,1.446461,0.013345,0.540677,0.021642
77.554880,0.404474,0.005331,0.215999,0.034818
77.654880,0.435402,0.002506,0.101518,0.020823
77.754880,1.084813,0.017169,0.695578,0.022897
77.904880,0.021240,0.000729,0.029533,0.038163
78.004880,0.757119,0.010198,0.413174,0.027915
78.154880,0.185141,0.002356,0.095443,0.045404
78.254880,0.664321,0.008906,0.360807,0.032531
78.404880,0.169506,0.003039,0.123112,0.051988
78.604880,0.037734,0.001069,0.043303,0.074903
78.704880,0.615605,0.007680,0.311150,0.039690
78.904880,0.189757,0.004243,0.171915,0.082959
79.104880,0.620697,0.017290,0.700508,0.078219
79.154880,0.791303,0.007991,0.323767,0.018323
79.254880,0.801517,0.009530,0.386090,0.035263
79.404880,0.112137,0.001917,0.077659,0.050095
79.554880,0.121041,0.001373,0.055609,0.052211
79.754880,0.171418,0.004585,0.185760,0.074865
79.904880,0.123286,0.002353,0.095345,0.059836
80.004880,0.798061,0.018472,0.748379,0.041525
80.104880,0.623379,0.009265,0.375355,0.042767
80.204880,0.371439,0.006707,0.271746,0.043940
80.454880,0.087141,0.002714,0.109957,0.114629
80.604880,0.183449,0.004208,0.170498,0.071805
80.804880,0.061604,0.001629,0.065981,0.099039
80.954880,0.162270,0.003288,0.133199,0.076905
81.054880,0.507324,0.007857,0.318329,0.052428
81.154880,0.040080,0.002211,0.089567,0.051443
81.304880,0.029977,0.001297,0.052554,0.072632
81.554880,0.027543,0.002030,0.082232,0.109795
81.654880,0.696956,0.016916,0.685344,0.040264
81.904880,0.132416,0.003322,0.134579,0.092395
82.004880,0.554564,0.007700,0.311974,0.033849
82.104880,0.444040,0.005430,0.219973,0.032102
82.254880,0.359405,0.004611,0.186821,0.046709
82.304880,0.413942,0.002904,0.117651,0.016272
82.404880,0.690656,0.007555,0.306066,0.033754
82.554880,0.471742,0.009806,0.397286,0.053520
82.654880,0.281585,0.002641,0.106983,0.037545
82.754880,0.328052,0.005165,0.209248,0.039023
82.904880,0.330585,0.006767,0.274141,0.061446
83.054880,0.200134,0.003810,0.154350,0.064754
83.204880,0.116096,0.002687,0.108867,0.068165
83.554880,0.138251,0.006901,0.279589,0.170889
83.704880,0.327017,0.009712,0.393486,0.077734
83.804880,0.101868,0.001664,0.067400,0.053039
83.904880,0.093816,0.000977,0.039597,0.053859
84.004880,0.260570,0.005040,0.204204,0.054647
84.054880,0.899194,0.010920,0.442428,0.027615
84.154880,0.183348,0.003701,0.149933,0.055786
84.354880,0.106239,0.002539,0.102864,0.113748
84.554880,0.010346,0.000062,0.002531,0.116476
84.704880,0.079461,0.002830,0.114653,0.089006
84.804880,0.960510,0.031088,1.259518,0.060081
84.954880,0.114913,0.003317,0.134389,0.090607
85.054880,0.142718,0.004039,0.163639,0.057758
85.154880,0.206778,0.003720,0.150729,0.056876
85.304880,0.235407,0.006114,0.247708,0.086653
85.454880,0.125244,0.002023,0.081944,0.088168
85.504880,0.417807,0.003940,0.159612,0.029710
85.654880,0.127045,0.003175,0.128633,0.090026
85.854880,0.343694,0.010949,0.443601,0.122005
86.254880,0.082724,0.003638,0.147390,0.242674
86.354880,0.068418,0.001506,0.061023,0.054998
86.654880,0.233328,0.010097,0.409073,0.149403
86.804880,0.146700,0.002809,0.113785,0.066697
86.854880,1.035662,0.011332,0.459102,0.021141
86.954880,0.467056,0.007371,0.298611,0.040741
87.104880,0.431708,0.007870,0.318852,0.057397
87.254880,0.093429,0.001644,0.066613,0.053233
87.304880,1.279509,0.008828,0.357649,0.016877
87.404880,0.191920,0.002185,0.088533,0.032522
87.554880,0.182968,0.002822,0.114340,0.045795
87.654880,0.865249,0.012628,0.511614,0.028688
87.904880,0.171179,0.004264,0.172755,0.065744
88.004880,1.245047,0.010249,0.415223,0.026015
88.154880,0.310649,0.003099,0.125571,0.042922
88.304880,0.176215,0.001885,0.076384,0.047181
88.404880,0.543872,0.006476,0.262353,0.033688
88.454880,1.486095,0.013563,0.549512,0.017495
88.504880,1.288299,0.011743,0.475754,0.017920
88.604880,0.752061,0.009639,0.390532,0.037107
88.704880,0.660401,0.007724,0.312946,0.038866
88.854880,0.172008,0.002965,0.120114,0.061462
89.204880,0.219639,0.008539,0.345934,0.156878
89.304880,0.207011,0.002997,0.121412,0.048174
89.754880,0.101702,0.006418,0.260003,0.231441
89.854880,0.416215,0.006809,0.275852,0.053656
90.004880,0.037948,0.001525,0.061773,0.081710
90.104880,0.795947,0.016426,0.665471,0.055292
90.204880,0.262770,0.003524,0.142754,0.055944
90.454880,0.151212,0.006070,0.245904,0.142580
90.604880,0.091389,0.002453,0.099383,0.087314
90.754880,0.662864,0.017980,0.728434,0.088864
90.904880,0.049724,0.001344,0.054468,0.090814
91.104880,0.199813,0.006461,0.261774,0.123786
91.204880,0.042674,0.000455,0.018443,0.062902
91.354880,0.044292,0.001981,0.080246,0.095447
91.804880,0.063443,0.005782,0.234266,0.292914
91.954880,0.133737,0.003328,0.134846,0.098974
92.054880,0.077753,0.000547,0.022171,0.066209
92.154880,0.167130,0.002624,0.106308,0.066423
92.254880,0.094055,0.002005,0.081219,0.066613
92.354880,0.158112,0.002049,0.083022,0.066818
92.454880,0.174960,0.003822,0.154825,0.067025
92.504880,1.028627,0.010215,0.413842,0.033582
92.754880,0.155539,0.006661,0.269873,0.168626
92.854880,1.023896,0.025750,1.043252,0.067769
93.504880,0.184545,0.014595,0.591296,0.442619
93.604880,0.087434,0.002260,0.091559,0.068169
93.904880,0.200154,0.009696,0.392833,0.204874
94.004880,0.537823,0.018563,0.752074,0.068435
94.104880,0.158061,0.002061,0.083492,0.068656
94.304880,0.226422,0.006043,0.244843,0.138673
94.354880,0.364979,0.004819,0.195248,0.034907
94.454880,0.801812,0.020365,0.825085,0.070054
94.604880,0.152318,0.003825,0.154971,0.105585
94.704880,0.303480,0.006275,0.254239,0.070683
94.754880,0.114738,0.001463,0.059272,0.035411
94.854880,0.200286,0.003748,0.151859,0.070973
95.104880,0.214056,0.006666,0.270073,0.177980
95.204880,0.257730,0.005609,0.227244,0.071136
95.254880,1.305180,0.028410,1.151016,0.035539
95.454880,0.386431,0.014882,0.602953,0.142087
95.754880,0.179700,0.010241,0.414894,0.212994
95.854880,0.209468,0.004202,0.170236,0.071000
96.004880,0.068125,0.002543,0.103046,0.106247
96.154880,0.274951,0.007052,0.285708,0.105877
96.304880,0.260005,0.007607,0.308179,0.105613
96.354880,0.249917,0.002936,0.118933,0.035166
96.604880,0.196106,0.008200,0.332223,0.175818
96.704880,0.811543,0.021075,0.853862,0.070683
96.854880,0.140947,0.004672,0.189275,0.104826
96.954880,0.023314,0.001120,0.045364,0.067065
97.154880,0.156974,0.007545,0.305699,0.135868
97.254880,0.014147,0.000988,0.040027,0.069207
97.354880,0.336620,0.010062,0.407669,0.070050
97.454880,0.454893,0.014591,0.591142,0.070893
97.504880,0.352580,0.004967,0.201251,0.035756
97.604880,0.317644,0.008060,0.326530,0.071406
97.654880,0.463410,0.008489,0.343921,0.035525
97.804880,0.124191,0.006279,0.254370,0.105875
97.954880,0.144072,0.005045,0.204411,0.104896
98.104880,0.592790,0.023104,0.936064,0.104009
98.204880,0.234233,0.004497,0.182178,0.067176
98.304880,0.039596,0.001607,0.065097,0.063868
98.404880,0.507102,0.009543,0.386646,0.060712
98.604880,0.195433,0.008353,0.338404,0.112574
98.704880,0.261759,0.003924,0.158961,0.050618
98.854880,0.278594,0.005239,0.212261,0.066414
99.054880,0.224640,0.006314,0.255794,0.073209
99.154880,1.868778,0.011007,0.445935,0.031474
99.204880,0.270421,0.004702,0.190517,0.015076
99.304880,0.119062,0.008822,0.357436,0.029047
99.404880,1.444706,0.014923,0.604585,0.027630
99.504880,0.025527,0.011158,0.452045,0.026280
99.554880,1.944034,0.008985,0.364012,0.012655
99.654880,1.981440,0.016438,0.665992,0.024950
99.904880,0.207649,0.011999,0.486142,0.072313
100.004900,1.745779,0.011247,0.455680,0.033281
100.104900,0.264191,0.007262,0.294197,0.035657
100.304900,0.096017,0.009457,0.383151,0.078131
100.404900,0.306480,0.001452,0.058838,0.042312
100.504900,0.010106,0.007162,0.290173,0.044359
100.654900,0.206504,0.005786,0.234426,0.069827
100.704900,0.094930,0.009146,0.370548,0.023452
100.804900,0.020825,0.007885,0.319439,0.046737
100.854900,0.472525,0.010277,0.416353,0.023309
100.954900,1.900483,0.033630,1.362507,0.046571
101.104900,1.808280,0.035423,1.435159,0.069519
101.254900,0.283919,0.005592,0.226543,0.065475
101.354900,0.574942,0.007786,0.315457,0.040982
101.454900,0.469086,0.010108,0.409526,0.038969
101.554900,0.485318,0.015707,0.636359,0.037051
101.704900,1.775787,0.018023,0.730175,0.052205
101.854900,1.894451,0.025752,1.043357,0.048410
102.004900,0.521596,0.005340,0.216356,0.044891
102.104900,0.514673,0.008833,0.357871,0.028113
102.254900,0.099169,0.004620,0.187194,0.039618
102.404900,0.077075,0.009828,0.398176,0.036762
102.504900,0.553950,0.012105,0.490443,0.023019
102.604900,0.415635,0.019837,0.803685,0.021945
102.704900,0.406991,0.001540,0.062388,0.020949
102.954900,0.081349,0.011657,0.472267,0.048183
103.004900,0.392590,0.005787,0.234476,0.008959
103.154900,0.624184,0.001786,0.072360,0.025685
103.354900,1.998414,0.012799,0.518562,0.031632
103.454900,0.306983,0.006645,0.269220,0.014757
103.554900,1.446237,0.016901,0.684718,0.014011
103.754900,1.862244,0.024737,1.002203,0.025746
103.954900,1.658313,0.022640,0.917250,0.026182
104.104900,1.461217,0.018665,0.756222,0.024046
104.304900,0.457081,0.003769,0.152691,0.039495
104.404900,0.677892,0.007890,0.319672,0.023054
104.554900,0.362526,0.003294,0.133447,0.038880
104.654900,0.667730,0.009673,0.391904,0.028769
104.754900,0.963543,0.014359,0.581739,0.030933
104.854900,0.633723,0.007577,0.306978,0.033007
105.004900,0.255913,0.003614,0.146416,0.053192
105.104900,0.413311,0.005012,0.203061,0.037782
105.154900,0.969773,0.007831,0.317286,0.019553
105.354900,0.300783,0.004043,0.163808,0.082384
105.454900,0.215042,0.002669,0.108126,0.043550
105.604900,1.062580,0.034402,1.393795,0.067916
105.804900,0.236060,0.004880,0.197716,0.094597
105.904900,0.501207,0.006191,0.250805,0.048937
106.054900,0.652077,0.012004,0.486345,0.075347
106.204900,0.181377,0.002422,0.098117,0.077561
106.304900,0.350767,0.005239,0.212250,0.052874
106.454900,0.212340,0.003723,0.150817,0.080962
106.504900,0.849694,0.007133,0.288980,0.027411
106.654900,0.207896,0.005152,0.208748,0.083426
106.804900,0.283187,0.005790,0.234559,0.085142
106.854900,0.405303,0.004529,0.183484,0.028740
107.004900,0.194499,0.003646,0.147698,0.087245
107.104900,0.310289,0.005778,0.234098,0.058978
107.204900,0.373538,0.006341,0.256892,0.059593
107.404900,0.249273,0.006493,0.263071,0.121050
107.604900,0.198329,0.005535,0.224250,0.123884
107.804900,0.090720,0.002886,0.116941,0.126355
107.904900,0.286891,0.005138,0.208174,0.063985
107.954900,1.408910,0.028244,1.144319,0.032174
108.104900,0.101617,0.003084,0.124961,0.097196
108.204900,0.969151,0.028932,1.172189,0.065315
108.354900,0.025097,0.000830,0.033615,0.098633
108.504900,0.071527,0.001472,0.059628,0.098994
108.604900,0.137690,0.002114,0.085631,0.066163
108.654900,0.597706,0.005690,0.230545,0.033134
108.704900,0.653546,0.006102,0.247201,0.033170
108.904900,0.353472,0.009835,0.398451,0.133070
109.004900,0.303966,0.003641,0.147500,0.066775
109.154900,0.116945,0.002311,0.093648,0.100475
109.354900,0.218966,0.008631,0.349668,0.134524
109.504900,0.083079,0.002547,0.103209,0.101326
109.654900,0.761783,0.016616,0.673192,0.101682
109.754900,0.015594,0.002726,0.110439,0.067981
109.954900,0.182318,0.003576,0.144886,0.136873
110.054900,0.094485,0.001179,0.047749,0.068915
110.104900,0.199981,0.001861,0.075392,0.034556
110.304900,0.115241,0.003825,0.154947,0.138824
110.454900,0.101908,0.002505,0.101469,0.104623
110.604900,0.130578,0.002540,0.102905,0.104974
110.804900,0.078462,0.004091,0.165729,0.140339
110.904900,0.056809,0.001274,0.051604,0.070092
111.054900,0.217113,0.006154,0.249338,0.104950
111.154900,0.151551,0.002742,0.111083,0.069875
111.254900,0.108072,0.003233,0.130989,0.069821
111.354900,0.141613,0.003130,0.126799,0.069791
111.404900,0.917017,0.016370,0.663233,0.034885
111.504900,0.135319,0.003424,0.138741,0.069792
111.604900,0.336751,0.005552,0.224948,0.069994
111.654900,0.971547,0.013481,0.546164,0.035064
111.804900,0.108033,0.003409,0.138096,0.105430
111.904900,0.153619,0.003116,0.126234,0.070454
112.154900,0.171926,0.007548,0.305820,0.176544
112.354900,0.076382,0.004168,0.168856,0.141505
112.504900,0.118780,0.003646,0.147701,0.106170
112.654900,0.199513,0.006261,0.253652,0.106072
112.754900,0.817604,0.024653,0.998792,0.070730
112.904900,0.161657,0.006237,0.252704,0.106077
112.954900,0.272633,0.002927,0.118579,0.035350
113.104900,0.173480,0.008565,0.347003,0.106009
113.154900,0.701922,0.014268,0.578062,0.035318
113.254900,0.420733,0.011275,0.456816,0.070601
113.354900,0.369914,0.009845,0.398870,0.070550
113.454900,0.319771,0.008460,0.342737,0.070489
113.504900,0.605763,0.009476,0.383933,0.035219
113.704900,0.122123,0.005175,0.209675,0.140693
113.854900,0.230516,0.009197,0.372611,0.105315
113.954900,1.008883,0.035291,1.429822,0.070104
114.104900,0.228754,0.009393,0.380566,0.104984
114.304900,0.146969,0.007175,0.290706,0.139211
114.454900,0.247402,0.009210,0.373148,0.103773
114.604900,0.388956,0.015242,0.617510,0.103384
114.754900,0.324671,0.012574,0.509419,0.103439
114.854900,0.174013,0.005148,0.208559,0.069036
114.904900,0.244477,0.002900,0.117476,0.034537
115.004900,0.443789,0.009920,0.401908,0.069087
115.204900,0.029480,0.002017,0.081733,0.138227
115.254900,0.539826,0.006951,0.281628,0.034567
115.354900,0.041776,0.000551,0.022314,0.069123
115.504900,0.131651,0.003461,0.140215,0.103665
115.604900,0.449829,0.008645,0.350233,0.069055
115.754900,0.128636,0.002880,0.116668,0.103181
115.904900,0.076959,0.002390,0.096848,0.102773
116.054900,0.034025,0.001578,0.063940,0.102478
116.204900,0.262225,0.007312,0.296249,0.102779
116.404900,0.109397,0.004163,0.168679,0.139748
116.504900,0.156233,0.003799,0.153909,0.071098
116.604900,0.100609,0.002342,0.094879,0.071862
116.704900,0.505298,0.012407,0.502674,0.072637
116.804900,0.161923,0.003418,0.138477,0.073374
116.954900,0.099501,0.004266,0.172824,0.111413
117.004900,0.271272,0.003534,0.143190,0.037491
117.154900,0.195920,0.007136,0.289113,0.113436
117.254900,0.453463,0.012478,0.505545,0.076231
117.504900,0.039183,0.002631,0.106593,0.188225
117.704900,0.057267,0.001683,0.068185,0.148874
117.904900,0.070218,0.002774,0.112400,0.147560
118.004900,0.204049,0.007903,0.320188,0.073141
118.104900,0.237322,0.004648,0.188320,0.072765
118.204900,0.158898,0.002774,0.112375,0.072446
118.304900,0.116802,0.002849,0.115411,0.072144
118.354900,0.572371,0.008272,0.335123,0.035985
118.504900,0.161808,0.006100,0.247123,0.107561
118.654900,0.261636,0.009469,0.383623,0.106762
118.804900,0.036955,0.001535,0.062172,0.106072
118.954900,0.081830,0.003278,0.132821,0.105591
119.004900,0.301714,0.004046,0.163936,0.035148
119.254900,0.094466,0.004052,0.164155,0.176061
119.304900,0.315977,0.004420,0.179055,0.035275
119.404900,0.239370,0.005109,0.206986,0.070596
119.554900,0.540308,0.022015,0.891919,0.106027
119.654900,0.052482,0.001664,0.067418,0.070769
119.804900,0.315539,0.010390,0.420961,0.106244
120.004900,0.057448,0.002397,0.097116,0.141832
120.054900,0.068042,0.000729,0.029537,0.035481
120.254900,0.305404,0.015819,0.640878,0.142043
120.454900,0.136502,0.005901,0.239065,0.142195
120.504900,0.852377,0.015147,0.613660,0.035571
120.604900,0.139158,0.003669,0.148643,0.071168
120.754900,0.036896,0.001376,0.055748,0.106788
120.804900,0.834745,0.014006,0.567442,0.035614
121.054900,0.024599,0.001050,0.042539,0.178173
121.204900,0.056502,0.004482,0.181601,0.106971
121.404900,0.033008,0.001042,0.042205,0.142716
121.454900,0.473601,0.007013,0.284114,0.035682
121.604900,0.018439,0.000987,0.039991,0.107103
121.804900,0.025978,0.001360,0.055099,0.142865
121.904900,0.024025,0.000779,0.031560,0.071465
122.054900,0.071321,0.002199,0.089109,0.107219
122.154900,0.030031,0.001067,0.043232,0.071501
122.354900,0.046208,0.002098,0.084998,0.143037
122.454900,0.103637,0.002542,0.103002,0.071547
122.604900,0.028719,0.001939,0.078562,0.107329
122.704900,0.007558,0.001143,0.046328,0.071575
122.854900,0.049055,0.001589,0.064358,0.107386
122.954900,0.107920,0.002622,0.106215,0.071603
123.104900,0.092673,0.003436,0.139207,0.107414
123.154900,0.003395,0.000702,0.028425,0.035811
123.304900,0.122451,0.003994,0.161827,0.107452
123.554900,0.073691,0.003209,0.130012,0.179123
123.654900,0.049949,0.002675,0.108395,0.071661
123.754900,0.002367,0.000783,0.031727,0.071671
123.854900,0.007341,0.001893,0.076679,0.071680
124.054900,0.044291,0.002798,0.113351,0.143370
124.154900,0.234606,0.004931,0.199765,0.071700
124.504900,0.031750,0.002371,0.096049,0.250980
124.654900,0.014461,0.000672,0.027222,0.107580
124.904900,0.007722,0.000577,0.023362,0.179330
125.054900,0.029634,0.001294,0.052437,0.107610
125.154900,0.441370,0.010107,0.409476,0.071750
125.454900,0.020569,0.001015,0.041121,0.215241
125.554900,0.452440,0.010842,0.439240,0.071760
125.654900,0.027265,0.000835,0.033811,0.071770
125.754900,0.023795,0.001672,0.067732,0.071760
126.004900,0.019634,0.002014,0.081608,0.179411
126.104900,0.091880,0.000771,0.031240,0.071771
126.254900,0.031656,0.000324,0.013146,0.107661
126.404900,0.307617,0.010553,0.427563,0.107671
126.904900,0.028441,0.003204,0.129818,0.358927
127.054900,0.450949,0.015477,0.627030,0.107684
127.104900,0.405936,0.004997,0.202436,0.035362
127.204900,0.078615,0.001553,0.062899,0.068123
127.254900,0.496259,0.005993,0.242820,0.032802
127.404900,0.021836,0.001456,0.059001,0.093626
127.504900,0.553888,0.011743,0.475749,0.058624
127.654900,0.362232,0.009243,0.374471,0.086826
127.754900,0.020046,0.000830,0.033623,0.058724
127.904900,0.184680,0.004368,0.176975,0.089275
128.104900,0.120718,0.004920,0.199327,0.121104
128.204900,0.204697,0.003049,0.123532,0.061361
128.254900,0.147726,0.000853,0.034559,0.030881
128.354900,0.017652,0.001653,0.066972,0.062121
128.504900,0.094101,0.003211,0.130105,0.094062
128.704900,0.050712,0.001741,0.070524,0.126943
128.754900,0.361619,0.003754,0.152078,0.031991
128.804900,0.596915,0.007204,0.291874,0.032081
128.954900,0.058747,0.002476,0.100326,0.096823
129.004900,0.518400,0.007287,0.295237,0.032451
129.204900,0.013878,0.000905,0.036665,0.130645
129.254900,0.819911,0.012879,0.521798,0.032861
129.404900,0.101017,0.004116,0.166761,0.099284
129.454900,0.543558,0.007284,0.295110,0.033339
129.604900,0.053012,0.001232,0.049918,0.100651
129.704900,0.487174,0.012056,0.488425,0.067625
129.854900,0.071179,0.002000,0.081017,0.102452
129.904900,0.110170,0.001652,0.066943,0.034454
130.004900,0.215707,0.006062,0.245585,0.069421
130.204900,0.049400,0.002576,0.104381,0.140940
130.654900,0.112853,0.010370,0.420149,0.328176
130.754900,0.170339,0.004534,0.183690,0.075022
130.954900,0.109929,0.004697,0.190290,0.150611
131.004900,0.761697,0.015348,0.621807,0.037320
131.104900,0.393074,0.013306,0.539075,0.074228
131.254900,0.155850,0.006587,0.266848,0.110339
131.304900,0.278051,0.004441,0.179915,0.036524
131.554900,0.050542,0.001395,0.056517,0.180884
131.654900,0.266073,0.010824,0.438544,0.071606
131.754900,0.103412,0.001885,0.076370,0.071197
131.854900,0.354706,0.014846,0.601474,0.070823
132.004900,0.042863,0.005256,0.212927,0.105561
132.104900,0.221746,0.009580,0.388125,0.069962
132.404900,0.107640,0.006072,0.245984,0.208016
132.454900,0.261684,0.003167,0.128312,0.034436
132.604900,0.104883,0.003954,0.160206,0.102925
132.704900,0.207965,0.004930,0.199725,0.068324
132.754900,0.609480,0.011029,0.446831,0.034079
132.854900,0.199943,0.004368,0.176954,0.067998
132.904900,0.281690,0.004619,0.187155,0.034114
132.954900,0.242337,0.003140,0.127221,0.034383
133.054900,0.213551,0.004722,0.191293,0.069091
133.154900,0.318759,0.006301,0.255299,0.067483
133.454900,0.146053,0.008793,0.356229,0.198466
133.654900,0.133177,0.010196,0.413093,0.137188
133.854900,0.051069,0.004755,0.192646,0.141195
133.954900,0.963810,0.046134,1.869158,0.071955
134.054900,0.394245,0.012645,0.512322,0.072787
134.104900,0.242224,0.003227,0.130744,0.036688
134.154900,0.643149,0.004854,0.196650,0.036878
134.304900,0.335197,0.014353,0.581510,0.111705
134.404900,0.427431,0.009057,0.366952,0.075308
134.554900,0.242309,0.013582,0.550275,0.114105
134.704900,0.192909,0.011226,0.454805,0.115359
134.854900,0.153343,0.004716,0.191066,0.116484
135.004900,0.179677,0.007462,0.302314,0.117494
135.154900,0.495490,0.011143,0.451456,0.118394
135.354900,0.120285,0.004428,0.179405,0.159082
135.454900,0.112021,0.006184,0.250541,0.079702
135.604900,0.123228,0.004523,0.183234,0.116353
135.704900,0.407328,0.005280,0.213934,0.073511
135.854900,0.194596,0.004232,0.171439,0.103601
135.904900,0.298310,0.004594,0.186129,0.032841
136.004900,0.211091,0.008049,0.326104,0.063266
136.754900,0.020163,0.006997,0.283484,0.385649
136.904900,0.447080,0.005104,0.206774,0.061136
137.004900,0.188623,0.004886,0.197956,0.038099
137.204900,0.180987,0.003634,0.147230,0.069438
137.254900,0.284857,0.005036,0.204016,0.016355
137.304900,0.157862,0.003113,0.126135,0.016063
137.404900,0.404851,0.002849,0.115437,0.031471
137.454900,0.298275,0.010130,0.410397,0.015532
137.504900,1.869415,0.011807,0.478353,0.015461
137.704900,0.935673,0.012959,0.525019,0.062024
137.904900,0.201247,0.007039,0.285183,0.064322
138.004900,0.489494,0.007649,0.309879,0.033611
138.204900,0.696905,0.010752,0.435599,0.070735
138.354900,0.544271,0.011572,0.468848,0.056443
138.404900,1.274065,0.008765,0.355092,0.019484
138.554900,0.117415,0.003357,0.135993,0.060460
138.904900,0.243748,0.008293,0.335999,0.141505
139.004900,0.226714,0.002460,0.099669,0.036339
139.254900,0.311197,0.007047,0.285505,0.082991
139.454900,0.196381,0.002784,0.112805,0.059027
139.704900,0.019128,0.001949,0.078981,0.065602
139.904900,0.748446,0.012214,0.494852,0.046619
140.104900,0.772419,0.011145,0.451523,0.041952
140.204900,0.751576,0.005878,0.238160,0.019369
140.404900,0.347975,0.005659,0.229262,0.035789
140.504900,1.099091,0.011600,0.469961,0.016517
140.604900,1.480596,0.016945,0.686514,0.015658
140.704900,0.929437,0.008657,0.350715,0.014844
140.854900,0.595779,0.008329,0.337434,0.020830
140.954900,0.715117,0.004642,0.188086,0.012984
141.554900,0.166516,0.005264,0.213261,0.064802
141.754900,0.884778,0.009801,0.397098,0.017340
141.904900,1.122368,0.016283,0.659677,0.011831
142.054900,1.797728,0.014429,0.584573,0.010912
142.154900,0.582779,0.016241,0.658013,0.006894
142.304900,1.205110,0.006897,0.279446,0.009936
142.454900,0.853867,0.012527,0.507518,0.009414
142.554900,0.271263,0.009121,0.369542,0.005977
142.754900,1.271186,0.014866,0.602271,0.011234
142.854900,1.596070,0.010497,0.425292,0.005357
143.004900,0.710694,0.006938,0.281108,0.007885
143.204900,1.354797,0.014039,0.568787,0.009731
143.254900,1.842011,0.009816,0.397691,0.001544
143.504900,0.893244,0.010569,0.428202,0.011496
143.604900,0.610403,0.003857,0.156267,0.009596
143.704900,0.720567,0.005532,0.224122,0.012348
143.954900,0.246994,0.002401,0.097294,0.042470
144.054900,0.199175,0.002126,0.086131,0.022165
144.154900,0.166411,0.001712,0.069369,0.025073
144.254900,0.791748,0.010588,0.428971,0.026066
144.354900,0.575770,0.006878,0.278639,0.025692
144.554900,0.253687,0.004384,0.177597,0.047399
144.704900,0.328324,0.010338,0.418840,0.030489
144.854900,0.080641,0.010666,0.432146,0.031176
145.104900,0.152866,0.008620,0.349232,0.058528
145.254900,0.024442,0.012477,0.505514,0.038925
145.304900,0.665862,0.003026,0.122609,0.013583
145.454900,0.060731,0.001971,0.079857,0.042667
145.554900,0.263044,0.011459,0.464273,0.030981
145.604900,1.873237,0.019191,0.777525,0.016378
145.704900,0.130033,0.002702,0.109462,0.034531
145.904900,0.062576,0.006257,0.253494,0.076081
146.154900,0.104296,0.004682,0.189699,0.107739
146.304900,0.215610,0.008509,0.344732,0.070962
146.454900,0.136757,0.006174,0.250120,0.075368
146.654900,0.089017,0.006904,0.279699,0.106875
146.854900,0.227860,0.006482,0.262595,0.113606
146.904900,0.169710,0.004911,0.198952,0.029384
147.054900,0.170226,0.004912,0.199004,0.090365
147.104900,0.338227,0.006104,0.247309,0.030832
147.254900,0.146292,0.003668,0.148595,0.093116
147.304900,0.186498,0.004580,0.185549,0.030578
147.504900,0.253664,0.008135,0.329599,0.117164
147.604900,0.158869,0.003023,0.122475,0.054525
147.804900,0.063917,0.001975,0.080026,0.103058
147.954900,0.034312,0.003011,0.121977,0.074101
148.054900,0.065600,0.002075,0.084047,0.048726
148.154900,0.190713,0.005055,0.204785,0.048633
148.604900,0.087390,0.002588,0.104857,0.223136
148.704900,0.229221,0.009655,0.391174,0.050151
148.854900,0.250346,0.002575,0.104316,0.074700
148.904900,0.130154,0.005764,0.233531,0.024889
148.954900,0.162881,0.003856,0.156238,0.024928
149.154900,0.042889,0.001528,0.061896,0.100573
149.254900,0.074749,0.012346,0.500180,0.051188
149.504900,0.006053,0.002563,0.103850,0.131529
149.654900,0.034317,0.002172,0.087991,0.081901
149.804900,0.068498,0.002341,0.094851,0.084344
149.954900,0.130390,0.003797,0.153820,0.086878
150.154900,0.010911,0.002972,0.120413,0.119821
150.304900,0.060191,0.004482,0.181580,0.092835
150.354900,0.316226,0.008913,0.361104,0.031501
150.454900,0.132826,0.007638,0.309468,0.063816
150.554900,0.253591,0.002039,0.082621,0.064885
150.754900,0.220176,0.012107,0.490489,0.132855
150.804900,0.223748,0.008810,0.356916,0.033838
151.054900,0.199772,0.010103,0.409326,0.172717
151.154900,0.146135,0.005594,0.226649,0.070666
151.254900,0.385819,0.015157,0.614096,0.071519
151.454900,0.160149,0.010242,0.414933,0.145486
151.604900,0.273027,0.017454,0.707144,0.111390
151.754900,0.021091,0.004144,0.167896,0.112952
151.954900,0.012612,0.004477,0.181370,0.147968
152.104900,0.292038,0.014288,0.578863,0.108533
152.204900,0.309347,0.014805,0.599819,0.071335
152.404900,0.140602,0.010208,0.413566,0.140390
152.604900,0.148263,0.005391,0.218395,0.137026
152.804900,0.151559,0.004336,0.175676,0.134384
152.854900,0.160855,0.002358,0.095529,0.033363
153.004900,0.134117,0.004406,0.178501,0.099673
153.154900,0.062101,0.001589,0.064385,0.099218
153.204900,0.861823,0.015731,0.637317,0.033007
153.354900,0.181114,0.005809,0.235328,0.098920
153.554900,0.135046,0.003826,0.154999,0.132317
153.754900,0.172935,0.004368,0.176963,0.132793
153.904900,0.043001,0.002225,0.090129,0.099512
154.254900,0.035346,0.004958,0.200853,0.232153
154.404900,0.048154,0.006955,0.281795,0.099684
154.504900,0.092194,0.001939,0.078558,0.066557
154.654900,0.115553,0.005494,0.222590,0.100023
154.854900,0.080896,0.003110,0.125989,0.132992
154.954900,0.053562,0.001798,0.072854,0.066028
155.104900,0.145763,0.001806,0.073149,0.098855
155.204900,0.093779,0.001531,0.062024,0.065999
155.404900,0.049202,0.001925,0.078003,0.132699
155.504900,0.089825,0.002201,0.089177,0.066905
155.554900,0.346252,0.004446,0.180112,0.033622
155.704900,0.020246,0.000941,0.038122,0.101607
155.804900,0.054293,0.001721,0.069743,0.068297
156.154900,0.026986,0.001091,0.044182,0.242532
156.254900,0.134167,0.003723,0.150847,0.070583
156.404900,0.042013,0.002184,0.088476,0.107078
156.454900,0.348885,0.002845,0.115275,0.036024
157.204900,0.015033,0.001978,0.080155,0.476388
157.354900,0.195131,0.004057,0.164349,0.075241
157.504900,0.158182,0.007423,0.300752,0.072302
157.654900,0.189499,0.002276,0.092225,0.071142
157.804900,0.125333,0.009189,0.372268,0.071480
157.904900,0.153580,0.002573,0.104255,0.048423
158.054900,0.151603,0.003892,0.157701,0.071731
158.204900,0.070693,0.002797,0.113307,0.072863
158.254900,0.361286,0.026392,1.069265,0.024395
158.404900,0.252820,0.013418,0.543623,0.073358
158.654900,0.029995,0.001282,0.051933,0.122761
158.904900,0.262633,0.010871,0.440427,0.123262
159.004900,0.198988,0.005741,0.232586,0.049424
159.154900,0.064194,0.003190,0.129248,0.071339
159.254900,0.282046,0.006269,0.253988,0.044735
159.404900,0.014955,0.007203,0.291841,0.063401
159.454900,0.375567,0.003742,0.151595,0.020766
159.604900,0.221240,0.003972,0.160917,0.062425
159.754900,0.264184,0.006732,0.272736,0.060361
159.904900,0.225585,0.006275,0.254246,0.056136
160.104900,0.079272,0.002749,0.111369,0.065741
160.454900,0.286337,0.006326,0.256305,0.080340
160.554900,0.187351,0.003880,0.157202,0.017270
160.654900,0.361556,0.010675,0.432472,0.015795
160.754900,0.604656,0.007247,0.293600,0.015002
160.854900,1.997710,0.015806,0.640382,0.014328
161.054900,0.212456,0.030973,1.254882,0.026672
161.354900,0.030693,0.007232,0.292995,0.044888
161.454900,0.435019,0.006992,0.283273,0.020698
161.754900,0.465235,0.008703,0.352602,0.080624
161.804900,1.393153,0.015863,0.642662,0.015991
161.854900,0.817685,0.006225,0.252207,0.016672
161.954900,0.098795,0.001491,0.060419,0.035337
162.104900,0.102131,0.003254,0.131832,0.056349
162.304900,0.245746,0.003807,0.154221,0.075391
162.454900,0.123966,0.002218,0.089853,0.055666
162.604900,0.063595,0.003712,0.150397,0.052626
162.754900,0.110083,0.004152,0.168209,0.051422
162.854900,0.037683,0.003161,0.128084,0.034390
162.904900,0.078274,0.007651,0.309970,0.017373
163.004900,0.095996,0.006110,0.247552,0.035275
163.104900,0.255475,0.011974,0.485115,0.036193
163.254900,0.149176,0.013225,0.535794,0.056452
163.504900,0.106890,0.005495,0.222627,0.098771
163.654900,0.306419,0.005616,0.227513,0.061272
163.804900,0.204263,0.002214,0.089693,0.063895
164.104900,0.169141,0.011194,0.453529,0.137285
164.204900,0.164463,0.007865,0.318625,0.048751
164.354900,0.277466,0.010548,0.427358,0.075906
164.554900,0.082648,0.004104,0.166277,0.106043
164.604900,0.248510,0.005609,0.227253,0.026739
164.804900,0.152517,0.014304,0.579526,0.106091
165.004900,0.032716,0.003996,0.161899,0.103702
165.154900,0.317196,0.006235,0.252615,0.075551
165.354900,0.063837,0.012228,0.495394,0.100382
165.504900,0.101734,0.012622,0.511389,0.076568
165.554900,0.361258,0.020349,0.824424,0.025942
165.754900,0.105951,0.013486,0.546377,0.106349
165.904900,0.220982,0.003357,0.136017,0.082967
166.004900,0.149504,0.004862,0.196997,0.056012
166.154900,0.237829,0.007517,0.304565,0.083259
166.304900,0.103205,0.001408,0.057036,0.082220
166.354900,0.337370,0.005272,0.213580,0.027162
166.554900,0.076485,0.002247,0.091033,0.105887
166.754900,0.056540,0.001421,0.057572,0.101076
167.104900,0.031086,0.000706,0.028605,0.174873
167.304900,0.031283,0.001475,0.059773,0.100977
167.404900,0.241648,0.006598,0.267320,0.050756
167.604900,0.032882,0.001161,0.047029,0.101790
167.854900,0.020949,0.001771,0.071746,0.127700
167.954900,0.137965,0.006964,0.282147,0.051880
168.054900,0.129216,0.002899,0.117438,0.052539
168.154900,0.259903,0.002338,0.094708,0.053309
168.254900,0.027260,0.007132,0.288965,0.054179
168.404900,0.008082,0.001028,0.041666,0.082925
168.554900,0.162678,0.006736,0.272921,0.085017
168.704900,0.132207,0.003023,0.122475,0.086230
168.754900,0.143059,0.002642,0.107046,0.028175
168.904900,0.106173,0.004990,0.202172,0.082815
169.104900,0.012537,0.001872,0.075843,0.108492
169.354900,0.060144,0.002903,0.117604,0.136432
169.454900,0.139082,0.002723,0.110327,0.055594
169.504900,0.225993,0.006908,0.279873,0.028091
169.604900,0.037134,0.007423,0.300719,0.056826
169.704900,1.234175,0.044815,1.815719,0.057752
169.904900,0.105908,0.002637,0.106851,0.118421
170.104900,0.024491,0.005195,0.210479,0.120214
170.204900,0.275452,0.001820,0.073731,0.058957
170.304900,0.073315,0.007529,0.305022,0.057233
170.454900,0.136843,0.004131,0.167358,0.083372
170.604900,0.125273,0.001712,0.069348,0.081761
170.754900,0.116145,0.009547,0.386791,0.081439
170.854900,0.302147,0.008032,0.325427,0.054652
171.004900,0.143557,0.004563,0.184875,0.082975
171.404900,0.078509,0.012101,0.490280,0.222316
171.454900,1.903224,0.016964,0.687302,0.027089
171.704900,0.042025,0.009602,0.389006,0.140235
171.904900,0.040377,0.003703,0.150012,0.117818
172.204900,0.041092,0.003143,0.127339,0.176679
172.304900,0.060888,0.001330,0.053890,0.057476
172.454900,0.015147,0.003163,0.128146,0.083280
172.554900,0.021686,0.002878,0.116616,0.054184
172.654900,0.095068,0.001135,0.045981,0.053550
172.704900,0.050086,0.002638,0.106868,0.026649
172.804900,0.217007,0.008556,0.346627,0.053234
172.904900,0.488514,0.002978,0.120640,0.053366
173.054900,0.219777,0.008515,0.344965,0.080746
173.304900,0.059928,0.008458,0.342667,0.137811
173.454900,0.388980,0.002868,0.116208,0.085289
173.904900,0.038104,0.002971,0.120372,0.269295
174.204900,0.069725,0.001475,0.059746,0.191426
174.404900,0.109096,0.006822,0.276407,0.128138
174.604900,0.168269,0.010328,0.418421,0.124326
174.754900,0.120147,0.002784,0.112785,0.090443
174.854900,0.081784,0.000889,0.035998,0.058114
175.004900,0.117210,0.004826,0.195523,0.084915
175.104900,0.139959,0.003930,0.159209,0.055778
175.154900,0.170205,0.003854,0.156153,0.027795
175.354900,0.059271,0.003680,0.149080,0.111184
175.504900,0.105762,0.003666,0.148544,0.084165
175.554900,0.201969,0.007033,0.284931,0.028303
175.754900,0.073315,0.006598,0.267296,0.114710
175.904900,0.067319,0.005290,0.214331,0.088011
176.304900,0.058498,0.009676,0.392022,0.231769
176.354900,0.078233,0.005562,0.225353,0.028024
176.454900,0.091008,0.001202,0.048680,0.055604
176.504900,0.174047,0.008430,0.341536,0.027646
176.704900,0.097711,0.002564,0.103878,0.110059
176.804900,0.070959,0.012428,0.503498,0.055093
177.104900,0.033363,0.000615,0.024911,0.160383
177.154900,0.195745,0.004942,0.200206,0.023985
177.404900,0.051194,0.004728,0.191568,0.107551
177.554900,0.268404,0.003391,0.137385,0.057956
177.654900,0.415679,0.012246,0.496143,0.037283
177.754900,0.293026,0.004596,0.186216,0.033659
177.904900,0.273178,0.004924,0.199484,0.039358
178.104900,1.490582,0.014536,0.588937,0.032850
178.154900,0.824218,0.007397,0.299672,0.004960
178.354900,1.571972,0.022089,0.894947,0.008225
178.404900,1.990302,0.008332,0.337555,0.001384
178.504900,0.445750,0.005530,0.224037,0.005653
178.654900,0.776025,0.006285,0.254649,0.014918
178.804900,0.228326,0.006554,0.265546,0.019059
178.954900,0.249361,0.007312,0.296230,0.023046
179.204900,0.185878,0.000841,0.034081,0.046492
179.304900,0.108507,0.006458,0.261628,0.021113
179.354900,0.729523,0.008762,0.354976,0.011283
179.454900,1.854962,0.012941,0.524299,0.024215
179.654900,0.481685,0.025702,1.041325,0.054856
179.804900,0.698270,0.005493,0.222538,0.042451
180.004900,0.112634,0.013197,0.534675,0.059095
180.154900,0.217331,0.002947,0.119386,0.047871
180.404900,0.067034,0.004651,0.188440,0.088479
180.454900,0.127653,0.004282,0.173466,0.019144
180.654900,0.115888,0.004666,0.189037,0.081344
180.754900,0.202410,0.001637,0.066327,0.043486
180.904900,0.083472,0.005380,0.217987,0.068683
181.204900,0.128399,0.007295,0.295561,0.146867
181.254900,1.862409,0.013640,0.552597,0.024514
181.354900,0.204024,0.009363,0.379330,0.048766
181.504900,0.134615,0.004685,0.189805,0.072573
181.604900,0.108826,0.005325,0.215723,0.046957
181.704900,0.459244,0.008918,0.361287,0.044852
181.904900,0.344756,0.005169,0.209438,0.083720
181.954900,0.352035,0.005343,0.216480,0.019747
182.004900,0.407557,0.007455,0.302037,0.019283
182.154900,0.296928,0.005724,0.231920,0.055179
182.254900,0.066005,0.001772,0.071777,0.034541
182.404900,0.258822,0.007374,0.298766,0.048615
182.604900,0.146678,0.001825,0.073956,0.058979
182.804900,0.367837,0.003900,0.158001,0.048038
183.004900,0.056843,0.005145,0.208457,0.042924
183.054900,1.946915,0.022949,0.929780,0.011691
183.204900,0.070160,0.005932,0.240317,0.038028
183.304900,0.114697,0.004668,0.189130,0.028050
183.404900,0.117798,0.000810,0.032812,0.030302
183.504900,0.245589,0.004725,0.191445,0.032596
183.804900,0.042368,0.002393,0.096938,0.105795
184.004900,0.266478,0.008638,0.349945,0.073328
184.104900,0.171829,0.003601,0.145895,0.037531
184.354900,0.229281,0.006815,0.276102,0.096411
184.454900,0.229349,0.002112,0.085555,0.039550
184.604900,0.295578,0.003703,0.150014,0.059686
184.904900,0.046693,0.001015,0.041113,0.118638
185.054900,0.135104,0.004802,0.194560,0.061457
185.154900,0.042811,0.002778,0.112559,0.042274
185.204900,0.351915,0.008577,0.347497,0.021598
185.454900,0.009781,0.003465,0.140394,0.112975
185.554900,0.241067,0.004545,0.184142,0.047759
185.854900,0.026750,0.001879,0.076127,0.147391
185.954900,0.142766,0.004999,0.202519,0.049212
186.104900,0.148479,0.003185,0.129049,0.074109
186.204900,0.054223,0.006486,0.262779,0.050684
186.354900,0.478425,0.023547,0.953998,0.078562
186.404900,1.254648,0.011721,0.474867,0.026868
186.604900,0.134821,0.006309,0.255605,0.110776
186.704900,0.159521,0.006979,0.282759,0.057264
186.904900,0.037205,0.001816,0.073565,0.118273
187.104900,0.136401,0.006286,0.254686,0.123214
187.704900,0.018272,0.002450,0.099261,0.364459
187.854900,0.259631,0.009134,0.370048,0.091133
187.954900,0.210545,0.004758,0.192752,0.060820
188.004900,0.051865,0.001809,0.073293,0.030405
188.204900,0.046296,0.001179,0.047774,0.121670
188.304900,0.594652,0.012289,0.497890,0.060963
188.554900,0.070468,0.002780,0.112616,0.153027
188.704900,0.311685,0.008382,0.339605,0.092403
188.754900,1.130655,0.017181,0.696085,0.030915
188.954900,0.129701,0.007390,0.299415,0.124265
189.054900,0.284530,0.005907,0.239325,0.062526
189.404900,0.007032,0.000993,0.040235,0.220981
189.504900,0.052138,0.001106,0.044825,0.063777
189.654900,0.054127,0.001596,0.064649,0.096192
189.804900,0.090806,0.003010,0.121946,0.096815
190.004900,0.042936,0.002210,0.089551,0.130033
190.104900,0.696759,0.018412,0.745953,0.065412
190.204900,0.193823,0.003826,0.155012,0.065666
190.454900,0.111700,0.003986,0.161488,0.165233
190.554900,0.253992,0.005080,0.205804,0.066505
190.954900,0.009696,0.001507,0.061062,0.268169
191.104900,0.089839,0.002924,0.118470,0.101393
191.204900,0.234480,0.004005,0.162268,0.067826
191.304900,0.090477,0.001727,0.069968,0.068002
191.504900,0.063275,0.001942,0.078680,0.136379
191.604900,0.061514,0.000192,0.007770,0.068163
191.754900,0.046194,0.000995,0.040315,0.102357
191.954900,0.195019,0.007378,0.298906,0.137218
192.054900,0.023967,0.001520,0.061600,0.068899
192.204900,0.080537,0.002871,0.116320,0.103668
192.304900,0.973370,0.022913,0.928327,0.069305
192.504900,0.015227,0.001306,0.052906,0.139149
192.604900,0.027760,0.000792,0.032073,0.070027
192.754900,0.248479,0.005979,0.242243,0.105423
192.904900,0.046171,0.001330,0.053897,0.105496
193.004900,0.143308,0.003391,0.137402,0.070369
193.204900,0.142473,0.004970,0.201349,0.140853
193.454900,0.027262,0.002223,0.090060,0.176308
193.604900,0.200914,0.006057,0.245395,0.105920
193.754900,0.035498,0.000973,0.039417,0.106024
193.904900,0.018199,0.001234,0.050003,0.106123
194.004900,0.195358,0.004783,0.193771,0.070804
194.254900,0.041137,0.002217,0.089836,0.177193
194.454900,0.178893,0.007098,0.287556,0.141933
194.604900,0.057530,0.002236,0.090583,0.106547
194.704900,0.028592,0.001157,0.046895,0.071074
194.904900,0.018349,0.001175,0.047610,0.142248
194.954900,0.655919,0.010258,0.415601,0.035582
195.154900,0.180825,0.006456,0.261571,0.142399
195.354900,0.057638,0.002676,0.108406,0.142510
195.604900,0.116447,0.006227,0.252267,0.178966
195.704900,0.089625,0.002876,0.116528,0.071916
195.804900,0.031293,0.002569,0.104095,0.072059
195.904900,0.348691,0.008868,0.359299,0.072174
196.054900,0.058071,0.001565,0.063411,0.108429
196.204900,0.049391,0.001349,0.054647,0.108577
196.304900,0.056284,0.001333,0.054022,0.072489
196.504900,0.157957,0.007389,0.299364,0.146135
196.854900,0.015165,0.001456,0.058988,0.260837
197.054900,0.174556,0.009426,0.381872,0.152391
197.154900,0.075482,0.001906,0.077230,0.077123
197.254900,0.225623,0.005217,0.211379,0.077731
197.354900,0.170295,0.004607,0.186665,0.077600
197.504900,0.107372,0.003250,0.131685,0.113405
197.654900,0.034365,0.001431,0.057987,0.105577
198.154900,0.130547,0.013777,0.558161,0.300313
198.254900,0.530623,0.016803,0.680760,0.051643
198.404900,0.125241,0.003019,0.122301,0.072824
198.654900,0.133118,0.003725,0.150915,0.109969
198.804900,0.155361,0.004583,0.185666,0.060086
199.004900,0.318735,0.009717,0.393662,0.080420
199.104900,0.289636,0.003361,0.136167,0.041170
199.804900,0.082122,0.009290,0.376379,0.307240
199.904900,0.314609,0.005936,0.240504,0.043931
200.004900,0.102670,0.002718,0.110117,0.041662
200.204900,0.258915,0.009237,0.374224,0.077055
200.304900,0.511583,0.012232,0.495568,0.035631
200.454900,0.434652,0.006523,0.264290,0.048304
200.604900,0.463462,0.011743,0.475780,0.041722
200.654900,1.097405,0.006141,0.248781,0.012641
200.754900,0.654521,0.010766,0.436169,0.023648
200.904900,0.437012,0.004680,0.189625,0.032302
201.104900,0.793313,0.012536,0.507895,0.041332
201.304900,0.217247,0.004771,0.193289,0.051295
201.404900,0.130822,0.001599,0.064790,0.029957
201.554900,0.053174,0.000503,0.020371,0.050037
201.654900,0.197986,0.002882,0.116752,0.036632
201.754900,0.292149,0.004168,0.168880,0.039111
201.954900,0.112943,0.004136,0.167565,0.083399
202.054900,0.501133,0.010167,0.411895,0.043825
202.154900,0.259658,0.003738,0.151450,0.045187
202.354900,0.460240,0.017398,0.704864,0.094301
202.454900,0.080077,0.001064,0.043094,0.048999
202.604900,0.183575,0.004797,0.194344,0.075694
202.754900,0.135255,0.003031,0.122794,0.078145
202.904900,0.074769,0.003802,0.154021,0.080433
203.004900,0.274460,0.005236,0.212124,0.054769
203.104900,0.137380,0.002935,0.118921,0.055449
203.254900,0.117882,0.005314,0.215276,0.084403
203.354900,0.087767,0.002013,0.081560,0.057080
203.454900,0.386557,0.007670,0.310728,0.057691
203.704900,0.069148,0.002668,0.108092,0.146856
203.804900,0.182879,0.003332,0.135007,0.059742
204.004900,0.183681,0.006782,0.274763,0.120668
204.254900,0.067493,0.004466,0.180918,0.153721
204.354900,0.469763,0.011751,0.476102,0.062646
204.504900,0.194005,0.005786,0.234421,0.095368
204.604900,0.418316,0.009899,0.401045,0.064547
204.704900,0.567691,0.013828,0.560252,0.065364
204.804900,0.379220,0.010538,0.426947,0.066173
204.904900,0.255063,0.005133,0.207956,0.066987
205.304900,0.008768,0.002513,0.101811,0.276040
205.504900,0.456173,0.034880,1.413163,0.141652
205.804900,0.099929,0.007382,0.299066,0.211499
205.954900,0.034431,0.003684,0.149273,0.105453
206.254900,0.070962,0.004619,0.187130,0.210577
206.354900,0.067572,0.003226,0.130711,0.070154
206.504900,0.133526,0.004918,0.199255,0.105219
206.704900,0.091354,0.003725,0.150916,0.140209
206.754900,1.035015,0.019579,0.793252,0.034947
206.854900,0.017501,0.001575,0.063822,0.069793
206.954900,0.432107,0.015703,0.636179,0.069667
207.104900,0.091435,0.003766,0.152577,0.104310
207.354900,0.082672,0.009828,0.398179,0.173473
207.504900,0.084388,0.004325,0.175210,0.103912
207.654900,0.079134,0.005626,0.227947,0.103844
207.804900,0.070144,0.006806,0.275732,0.104095
207.954900,0.110264,0.005723,0.231858,0.104362
208.054900,0.135975,0.004172,0.169025,0.069671
208.154900,0.138433,0.005378,0.217898,0.069742
208.304900,0.041984,0.002196,0.088974,0.104703
208.404900,0.311224,0.005481,0.222049,0.069854
208.504900,0.175083,0.003608,0.146178,0.069899
208.854900,0.198691,0.008198,0.332146,0.244926
208.954900,0.198824,0.003471,0.140615,0.070069
209.104900,0.104133,0.003053,0.123682,0.105168
209.254900,0.061241,0.006303,0.255350,0.105266
209.354900,0.860937,0.021815,0.883823,0.070224
209.554900,0.227401,0.006075,0.246130,0.140589
209.704900,0.220693,0.007619,0.308680,0.105555
209.804900,0.212420,0.004073,0.165033,0.070425
209.904900,0.096296,0.001284,0.052017,0.070502
210.054900,0.189317,0.005527,0.223910,0.106209
210.154900,0.341806,0.004660,0.188811,0.071080
210.304900,0.529500,0.014935,0.605074,0.106950
210.454900,0.058111,0.002164,0.087671,0.107299
210.554900,0.137382,0.002102,0.085150,0.071694
210.754900,0.059640,0.002377,0.096304,0.143722
210.854900,0.129901,0.002791,0.113083,0.072182
210.954900,0.538066,0.011206,0.454013,0.072535
211.054900,0.131406,0.003023,0.122464,0.072436
211.154900,0.088296,0.001308,0.053010,0.069899
211.354900,0.080147,0.001769,0.071660,0.132186
211.504900,0.142290,0.003060,0.123977,0.093575
211.704900,0.260167,0.009896,0.400945,0.114297
211.854900,0.143590,0.004556,0.184600,0.081737
211.904900,0.818927,0.013681,0.554279,0.026806
212.054900,0.310186,0.014344,0.581138,0.078640
212.154900,0.430464,0.015802,0.640223,0.052749
212.254900,0.348522,0.004866,0.197124,0.054525
212.454900,0.370138,0.018577,0.752637,0.113968
212.704900,0.076264,0.005108,0.206959,0.149578
212.804900,0.403386,0.019042,0.771470,0.059258
213.004900,0.015036,0.002871,0.116326,0.116398
213.104900,0.043138,0.001437,0.058220,0.057352
213.254900,0.115497,0.003274,0.132660,0.085194
213.354900,0.296755,0.010088,0.408707,0.056333
214.804900,0.170304,0.045038,1.824747,0.799213
215.004900,0.174179,0.003850,0.155966,0.113434
215.254900,0.016562,0.003134,0.126975,0.144941
215.454900,0.047743,0.001401,0.056754,0.111933
215.554900,0.234386,0.015225,0.616849,0.053634
215.754900,0.112855,0.000269,0.010917,0.099806
215.904900,0.065105,0.002326,0.094221,0.068544
215.954900,0.299494,0.006709,0.271823,0.021731
216.154900,0.102908,0.018813,0.762211,0.081622
216.304900,0.041564,0.009075,0.367673,0.056035
216.504900,0.155163,0.006623,0.268309,0.068413
216.604900,0.343301,0.016864,0.683238,0.031787
216.754900,1.985352,0.041817,1.694228,0.046116
216.904900,0.234521,0.011841,0.479725,0.045275
217.054900,0.066925,0.003680,0.149073,0.045374
217.254900,0.640073,0.030107,1.219768,0.061746
217.354900,0.501253,0.010068,0.407879,0.032083
217.504900,0.090810,0.002418,0.097956,0.050117
217.704900,0.962987,0.015014,0.608284,0.071012
217.854900,0.058826,0.001456,0.058986,0.056624
217.954900,0.916077,0.009515,0.385485,0.039387
218.104900,0.030883,0.001398,0.056639,0.061729
218.204900,0.142797,0.001099,0.044520,0.042955
218.354900,0.440643,0.008092,0.327849,0.066683
218.504900,0.273289,0.005329,0.215908,0.068782
218.754900,0.052271,0.001481,0.060002,0.119187
218.954900,0.079691,0.001765,0.071503,0.100031
219.104900,0.445073,0.014782,0.598901,0.077747
219.204900,0.093396,0.001297,0.052561,0.053034
219.354900,0.220387,0.005656,0.229164,0.081280
219.504900,0.154408,0.003425,0.138779,0.083563
219.604900,0.447090,0.007722,0.312853,0.056907
219.754900,0.133780,0.001877,0.076047,0.086946
219.904900,0.220569,0.006888,0.279072,0.088321
220.004900,0.230342,0.002530,0.102506,0.059554
220.304900,0.052472,0.002543,0.103039,0.181732
220.404900,1.233411,0.032211,1.305042,0.061547
220.604900,0.041039,0.001202,0.048715,0.124446
220.754900,0.123468,0.003387,0.137210,0.094452
220.854900,0.371479,0.003936,0.159476,0.063471
220.954900,0.240693,0.004293,0.173916,0.063852
221.454900,0.067829,0.002724,0.110367,0.324444
221.554900,0.578611,0.010536,0.426849,0.065827
221.654900,0.645767,0.014081,0.570481,0.066110
221.754900,0.394385,0.006275,0.254243,0.066379
221.854900,0.394815,0.005963,0.241580,0.066636
222.004900,0.196782,0.003690,0.149489,0.100409
222.104900,0.372856,0.007887,0.319518,0.067228
222.154900,0.609864,0.005997,0.242947,0.033696
222.304900,0.259032,0.006936,0.281017,0.101405
222.454900,0.091894,0.001462,0.059228,0.101849
222.504900,1.083794,0.012650,0.512506,0.034043
222.754900,0.250234,0.007917,0.320771,0.170872
222.804900,0.929986,0.010640,0.431070,0.034298
222.904900,0.358501,0.005682,0.230212,0.068713
222.954900,0.938009,0.009864,0.399615,0.034413
223.054900,0.120785,0.001643,0.066545,0.068934
223.204900,0.787908,0.019621,0.794930,0.103658
223.354900,0.154616,0.002928,0.118645,0.103946
223.704900,0.101367,0.004239,0.171722,0.243557
223.954900,0.177136,0.005971,0.241903,0.174737
224.104900,0.322988,0.006130,0.248358,0.105112
224.204900,0.163700,0.002176,0.088148,0.070182
224.354900,0.295576,0.008136,0.329616,0.105415
224.504900,0.112594,0.002467,0.099948,0.105582
224.604900,0.333790,0.004820,0.195271,0.070473
225.154900,0.043581,0.003319,0.134470,0.388678
225.304900,0.275324,0.005402,0.218842,0.106280
225.354900,0.538038,0.005376,0.217792,0.035450
225.454900,0.618618,0.011206,0.454003,0.070933
225.604900,0.052858,0.000601,0.024365,0.106477
225.754900,0.026614,0.001698,0.068799,0.106566
225.954900,0.367938,0.012617,0.511179,0.142215
226.204900,0.017803,0.002435,0.098665,0.177954
226.304900,0.422274,0.008044,0.325894,0.071233
226.454900,0.078004,0.001656,0.067089,0.106903
226.604900,0.224551,0.004710,0.190834,0.106960
226.704900,0.280427,0.005646,0.228753,0.071337
226.804900,0.346560,0.006742,0.273128,0.071359
226.904900,0.462318,0.009795,0.396836,0.071380
227.054900,0.037133,0.001051,0.042592,0.107111
227.154900,0.354187,0.006620,0.268202,0.071431
227.554900,0.029019,0.002030,0.082226,0.285896
227.704900,0.284744,0.007491,0.303475,0.107276
227.954900,0.090904,0.003905,0.158202,0.178859
228.204900,0.090630,0.003306,0.133929,0.178936
228.304900,0.870223,0.020471,0.829376,0.071595
228.454900,0.498929,0.012904,0.522780,0.107409
228.554900,0.322581,0.005474,0.221795,0.071619
228.604900,0.834783,0.009851,0.399108,0.035813
228.704900,0.246473,0.004419,0.179039,0.071632
228.904900,0.082036,0.001611,0.065275,0.143287
229.054900,0.075122,0.002101,0.085118,0.107486
229.354900,0.088767,0.003013,0.122063,0.215020
229.404900,0.264167,0.003807,0.154244,0.035842
229.504900,0.464397,0.008761,0.354944,0.071688
229.604900,0.486560,0.008731,0.353742,0.071694
229.704900,0.190127,0.003184,0.129005,0.071700
229.904900,0.103731,0.003238,0.131202,0.143414
229.954900,0.411089,0.003841,0.155605,0.035857
230.204900,0.057183,0.002391,0.096881,0.179300
230.304900,0.249984,0.004526,0.183388,0.071192
230.354900,1.188189,0.019875,0.805222,0.034456
230.604900,0.091565,0.003054,0.123721,0.159916
230.754900,0.264126,0.005686,0.230362,0.086772
230.904900,0.031693,0.001240,0.050236,0.080496
231.104900,0.059061,0.000762,0.030871,0.098344
231.204900,0.165524,0.002909,0.117865,0.045600
231.504900,0.143094,0.003865,0.156574,0.123871
231.704900,0.305736,0.005932,0.240317,0.072829
231.904900,0.252591,0.004321,0.175049,0.070094
232.054900,0.034339,0.000796,0.032243,0.056954
232.254900,0.344510,0.007157,0.289943,0.081604
232.404900,0.212523,0.003225,0.130642,0.065111
232.554900,0.270719,0.004434,0.179640,0.068193
232.704900,0.331208,0.007474,0.302814,0.071052
232.854900,0.272794,0.005172,0.209543,0.073703
233.004900,0.248218,0.004161,0.168567,0.076163
233.204900,0.050710,0.000596,0.024136,0.105071
233.254900,0.136775,0.000980,0.039724,0.026856
233.404900,0.434123,0.009546,0.386749,0.081888
233.554900,0.147745,0.003414,0.138333,0.083755
233.704900,0.211676,0.004216,0.170823,0.085488
233.904900,0.173439,0.005217,0.211368,0.116464
234.054900,0.360407,0.009746,0.394872,0.089059
234.104900,0.741491,0.007838,0.317558,0.029456
234.304900,0.273821,0.008013,0.324628,0.111256
234.454900,0.267947,0.006146,0.248995,0.082825
234.504900,0.268890,0.002781,0.112650,0.028015
234.604900,0.507885,0.009523,0.385817,0.056609
234.854900,0.229451,0.007715,0.312549,0.144692
235.054900,0.038558,0.001657,0.067134,0.118726
235.354900,0.032785,0.001085,0.043956,0.182463
235.504900,0.295122,0.008441,0.341985,0.092997
235.654900,0.427678,0.012614,0.511054,0.094061
235.704900,0.508915,0.005656,0.229138,0.031577
236.104900,0.054447,0.003642,0.147571,0.256248
236.404900,0.018399,0.000519,0.021023,0.195932
236.704900,0.018583,0.002762,0.111897,0.194444
236.804900,0.384211,0.008254,0.334401,0.059756
236.954900,0.027388,0.001297,0.052534,0.084209
237.054900,0.197618,0.001865,0.075541,0.052726
237.304900,0.031723,0.001125,0.045591,0.120827
237.504900,0.191569,0.003523,0.142727,0.088287
237.704900,0.098972,0.002916,0.118132,0.092071
237.904900,0.105030,0.003923,0.158951,0.096979
238.004900,0.468236,0.010982,0.444946,0.050184
238.254900,0.086146,0.003048,0.123505,0.129966
238.404900,0.067468,0.001723,0.069802,0.080823
238.554900,0.175474,0.003926,0.159064,0.078562
238.754900,0.070471,0.001870,0.075756,0.100185
238.804900,0.314811,0.002534,0.102658,0.025624
238.904900,0.188551,0.002302,0.093262,0.052003
239.054900,0.156747,0.002912,0.117981,0.079803
239.154900,0.163264,0.002496,0.101139,0.054332
239.404900,0.080085,0.002271,0.092020,0.139474
239.654900,0.029815,0.001058,0.042847,0.144185
239.754900,0.024329,0.001432,0.058014,0.058865
239.954900,0.032693,0.001110,0.044990,0.119596
240.104900,0.028450,0.000831,0.033655,0.091211
240.204900,0.191060,0.002687,0.108854,0.061476
240.354900,0.047789,0.000660,0.026730,0.093152
240.454900,0.157422,0.003367,0.136407,0.062691
240.554900,0.182747,0.003734,0.151295,0.063135
240.704900,0.018992,0.000694,0.028137,0.095491
241.004900,0.033091,0.001283,0.051981,0.193569
241.154900,0.113016,0.001900,0.076985,0.097954
241.504900,0.036896,0.001430,0.057915,0.231216
241.604900,0.047660,0.000590,0.023922,0.066680
241.704900,0.194099,0.003870,0.156786,0.066932
241.904900,0.035383,0.001716,0.069505,0.134565
242.104900,0.031583,0.001245,0.050440,0.135428
242.254900,0.175776,0.004689,0.189952,0.102087
242.404900,0.028505,0.000428,0.017320,0.102497
242.554900,0.043312,0.000824,0.033387,0.102872
242.854900,0.052767,0.002674,0.108330,0.206078
243.054900,0.029179,0.001351,0.054734,0.137268
243.104900,0.478113,0.006506,0.263584,0.034323
243.204900,0.326864,0.006855,0.277713,0.068668
243.354900,0.264561,0.008838,0.358060,0.103067
243.454900,0.274241,0.005681,0.230174,0.068760
243.604900,0.217920,0.007235,0.293135,0.103217
243.754900,0.204614,0.004974,0.201501,0.103306
243.954900,0.029064,0.001089,0.044122,0.137849
244.154900,0.025289,0.000928,0.037584,0.130755
244.354900,0.123149,0.003423,0.138682,0.118058
244.554900,0.041673,0.001082,0.043832,0.106593
244.654900,0.409793,0.007187,0.291162,0.049348
244.804900,0.172661,0.004385,0.177654,0.069449
244.954900,0.435844,0.009768,0.395761,0.064321
245.104900,0.278424,0.004597,0.186255,0.059568
245.204900,0.099533,0.001824,0.073909,0.037247
245.304900,0.893529,0.013015,0.527285,0.033692
245.404900,0.329643,0.004084,0.165451,0.029068
245.454900,1.617746,0.008158,0.330503,0.012936
245.704900,0.194594,0.005434,0.220149,0.051038
245.954900,0.083760,0.003426,0.138787,0.036904
246.204900,0.537234,0.019987,0.809745,0.037761
246.354900,0.801753,0.005284,0.214083,0.027729
246.454900,0.656740,0.006953,0.281709,0.021122
246.554900,0.722473,0.009010,0.365041,0.023332
246.654900,0.950897,0.012374,0.501337,0.025546
246.754900,0.476128,0.007312,0.296234,0.027726
246.954900,0.453507,0.010863,0.440111,0.054596
247.054900,0.244274,0.002734,0.110773,0.025418
247.254900,0.583296,0.014019,0.567956,0.047359
247.404900,0.445531,0.007243,0.293429,0.032690
247.554900,0.506783,0.005631,0.228146,0.030478
247.704900,1.046686,0.012527,0.507525,0.024202
247.754900,1.169084,0.005461,0.221237,0.005937
247.904900,1.208045,0.012561,0.508905,0.011814
248.054900,1.323463,0.010098,0.409119,0.003319
248.254900,1.265650,0.013272,0.537711,0.007837
248.404900,0.900860,0.010047,0.407048,0.014266
248.504900,1.127627,0.009679,0.392158,0.013400
248.554900,1.005516,0.009919,0.401853,0.008014
248.704900,0.449501,0.007434,0.301184,0.029283
248.854900,0.420119,0.005933,0.240391,0.036855
248.954900,0.682737,0.012709,0.514889,0.028364
249.054900,1.187710,0.015875,0.643168,0.031229
249.254900,0.411383,0.017848,0.723094,0.070609
249.354900,0.398981,0.006670,0.270222,0.039144
249.454900,0.437659,0.019619,0.794855,0.041564
249.654900,0.161956,0.005772,0.233865,0.089905
249.754900,0.624305,0.012155,0.492462,0.048133
249.954900,0.119256,0.004936,0.199991,0.096963
250.054900,0.247770,0.008435,0.341758,0.047974
250.154900,0.217824,0.002417,0.097920,0.047745
250.304900,0.223186,0.007184,0.291064,0.071340
250.404900,1.547298,0.035889,1.454042,0.048508
250.504900,0.106727,0.001716,0.069526,0.050320
250.604900,0.204567,0.005504,0.223006,0.052076
250.704900,0.106821,0.004011,0.162496,0.053757
250.754900,0.292509,0.008123,0.329107,0.027496
250.904900,0.053884,0.002468,0.099992,0.084833
251.054900,0.156002,0.006079,0.246303,0.088211
251.354900,0.067361,0.006475,0.262325,0.185419
251.454900,0.254023,0.008801,0.356546,0.062486
251.554900,0.182129,0.004322,0.175084,0.061720
251.704900,0.132050,0.003430,0.138975,0.089133
251.804900,0.431851,0.008889,0.360114,0.057548
251.954900,0.097949,0.005746,0.232787,0.084384
252.104900,0.313115,0.010074,0.408154,0.083061
252.204900,0.211277,0.008499,0.344330,0.055116
252.354900,0.051380,0.002373,0.096129,0.082844
252.454900,0.262120,0.010234,0.414632,0.055645
252.704900,0.026318,0.001343,0.054427,0.141521
252.804900,0.147407,0.003999,0.162001,0.057926
252.954900,0.084370,0.001878,0.076073,0.088218
253.054900,0.058508,0.001746,0.070748,0.059606
253.154900,0.257199,0.004894,0.198270,0.060193
253.254900,0.269629,0.004003,0.162186,0.060751
253.354900,0.630096,0.016568,0.671255,0.061291
253.454900,0.227204,0.006366,0.257896,0.061792
253.554900,0.455639,0.022810,0.924148,0.062302
253.604900,0.439321,0.006527,0.264454,0.031380
253.654900,1.285979,0.051830,2.099969,0.031549
253.854900,0.992024,0.051289,2.078056,0.127913
253.904900,0.513529,0.006915,0.280146,0.032454
254.004900,0.407622,0.006118,0.247876,0.065487
254.204900,0.244649,0.007304,0.295929,0.133371
254.354900,0.207895,0.004040,0.163667,0.102523
254.404900,0.327140,0.003368,0.136452,0.034660
254.604900,0.239402,0.005451,0.220848,0.140479
254.704900,0.643886,0.011019,0.446421,0.070427
254.854900,0.198129,0.004844,0.196264,0.105566
254.954900,1.128081,0.022078,0.894472,0.070329
255.154900,0.131211,0.005033,0.203921,0.140491
255.254900,0.146623,0.002374,0.096169,0.070158
255.404900,0.273468,0.008994,0.364394,0.105101
255.554900,0.299259,0.009238,0.374252,0.104932
255.654900,0.121402,0.001966,0.079666,0.069348
255.754900,0.334015,0.006622,0.268303,0.066351
255.854900,0.286076,0.006409,0.259672,0.063147
255.954900,0.660150,0.012704,0.514700,0.060113
256.104900,1.245974,0.027894,1.130109,0.081060
256.154900,0.760137,0.006957,0.281873,0.024189
256.354900,0.350573,0.006121,0.247990,0.083818
256.454900,0.055004,0.002017,0.081698,0.035285
256.604900,0.061967,0.002744,0.111163,0.049389
256.654900,0.548168,0.002220,0.089939,0.015663
256.904900,0.189298,0.000863,0.034969,0.072787
257.104900,1.819502,0.025551,1.035189,0.052095
257.304900,0.263185,0.007221,0.292540,0.047187
257.454900,1.756580,0.018174,0.736293,0.032444
257.504900,1.933755,0.019984,0.809658,0.010288
257.604900,0.117549,0.002675,0.108367,0.019827
257.654900,0.292780,0.005296,0.214561,0.009542
257.754900,1.822117,0.009853,0.399198,0.018408
257.954900,0.175622,0.005829,0.236147,0.034505
258.154900,0.238030,0.006762,0.273972,0.037569
258.304900,0.242551,0.008245,0.334037,0.031448
258.404900,0.183396,0.005413,0.219324,0.023526
258.504900,0.188092,0.007811,0.316476,0.025981
258.654900,0.149188,0.002885,0.116887,0.043882
258.854900,0.113723,0.004872,0.197398,0.067761
258.954900,0.321648,0.010994,0.445434,0.037736
259.104900,0.175530,0.003450,0.139794,0.060997
259.154900,1.148049,0.009035,0.366034,0.021438
259.404900,0.288895,0.008414,0.340873,0.115017
259.554900,0.280742,0.005811,0.235443,0.074924
259.654900,0.436812,0.005768,0.233678,0.052243
259.804900,0.116844,0.002605,0.105541,0.079674
259.954900,0.348541,0.007713,0.312487,0.080181
260.054900,0.424063,0.005834,0.236343,0.054013
260.204900,0.143567,0.003544,0.143601,0.082794
260.304900,0.208412,0.003378,0.136875,0.057218
260.454900,0.300778,0.005399,0.218725,0.084963
260.504900,0.623935,0.008605,0.348620,0.027103
260.554900,0.617490,0.008047,0.326024,0.026010
260.604900,0.124601,0.002730,0.110605,0.024979
260.654900,0.892891,0.010638,0.430983,0.024015
260.704900,0.078343,0.002015,0.081652,0.023115
260.754900,1.652293,0.010417,0.422019,0.022284
260.804900,0.515689,0.008000,0.324098,0.021523
260.854900,0.295714,0.004207,0.170449,0.020836
260.904900,0.448893,0.004198,0.170093,0.020222
260.954900,0.330464,0.001300,0.052672,0.019676
